timestamp,value,anomaly_score,label,dataset
2013-10-12T10:35:00.0,2.998595e6,0.46561602,false,realAWSCloudwatch/iio_us-east-1_i-a2eb1cd9_NetworkIn.csv
2013-10-12T10:40:00.0,2.4643948e6,0.46477246,false,realAWSCloudwatch/iio_us-east-1_i-a2eb1cd9_NetworkIn.csv
2013-10-12T10:45:00.0,2.6955316e6,0.46602553,false,realAWSCloudwatch/iio_us-east-1_i-a2eb1cd9_NetworkIn.csv
2013-10-12T10:50:00.0,2.8813816e6,0.46837327,false,realAWSCloudwatch/iio_us-east-1_i-a2eb1cd9_NetworkIn.csv
2013-10-12T10:55:00.0,2.9122304e6,0.4696972,false,realAWSCloudwatch/iio_us-east-1_i-a2eb1cd9_NetworkIn.csv
2013-10-12T11:00:00.0,3.1490906e6,0.4720817,false,realAWSCloudwatch/iio_us-east-1_i-a2eb1cd9_NetworkIn.csv
2013-10-12T11:05:00.0,3.296592e6,0.47461382,false,realAWSCloudwatch/iio_us-east-1_i-a2eb1cd9_NetworkIn.csv
2013-10-12T11:10:00.0,3.6962862e6,0.47878894,false,realAWSCloudwatch/iio_us-east-1_i-a2eb1cd9_NetworkIn.csv
2013-10-12T11:15:00.0,2.9252798e6,0.47710735,false,realAWSCloudwatch/iio_us-east-1_i-a2eb1cd9_NetworkIn.csv
2013-10-12T11:20:00.0,3.6285488e6,0.48138973,false,realAWSCloudwatch/iio_us-east-1_i-a2eb1cd9_NetworkIn.csv
2013-10-12T11:25:00.0,3.0481318e6,0.48097727,false,realAWSCloudwatch/iio_us-east-1_i-a2eb1cd9_NetworkIn.csv
2013-10-12T11:30:00.0,2.4747446e6,0.47740614,false,realAWSCloudwatch/iio_us-east-1_i-a2eb1cd9_NetworkIn.csv
2013-10-12T11:35:00.0,2.7337838e6,0.4781481,false,realAWSCloudwatch/iio_us-east-1_i-a2eb1cd9_NetworkIn.csv
2013-10-12T11:40:00.0,2.8766192e6,0.47942853,false,realAWSCloudwatch/iio_us-east-1_i-a2eb1cd9_NetworkIn.csv
2013-10-12T11:45:00.0,2.4264352e6,0.47690392,false,realAWSCloudwatch/iio_us-east-1_i-a2eb1cd9_NetworkIn.csv
2013-10-12T11:50:00.0,2.8778812e6,0.4783373,false,realAWSCloudwatch/iio_us-east-1_i-a2eb1cd9_NetworkIn.csv
2013-10-12T11:55:00.0,2.2367774e6,0.4749088,false,realAWSCloudwatch/iio_us-east-1_i-a2eb1cd9_NetworkIn.csv
2013-10-12T12:00:00.0,2.4248956e6,0.47381827,false,realAWSCloudwatch/iio_us-east-1_i-a2eb1cd9_NetworkIn.csv
2013-10-12T12:05:00.0,2.036357e6,0.47078314,false,realAWSCloudwatch/iio_us-east-1_i-a2eb1cd9_NetworkIn.csv
2013-10-12T12:10:00.0,3.2732478e6,0.47549698,false,realAWSCloudwatch/iio_us-east-1_i-a2eb1cd9_NetworkIn.csv
2013-10-12T12:15:00.0,2.2255644e6,0.4710749,false,realAWSCloudwatch/iio_us-east-1_i-a2eb1cd9_NetworkIn.csv
2013-10-12T12:20:00.0,2.7735534e6,0.4714207,false,realAWSCloudwatch/iio_us-east-1_i-a2eb1cd9_NetworkIn.csv
2013-10-12T12:25:00.0,3.2720748e6,0.47473863,false,realAWSCloudwatch/iio_us-east-1_i-a2eb1cd9_NetworkIn.csv
2013-10-12T12:30:00.0,2.5635038e6,0.47179142,false,realAWSCloudwatch/iio_us-east-1_i-a2eb1cd9_NetworkIn.csv
2013-10-12T12:35:00.0,3.3153406e6,0.47501984,false,realAWSCloudwatch/iio_us-east-1_i-a2eb1cd9_NetworkIn.csv
2013-10-12T12:40:00.0,2.4902316e6,0.4723888,false,realAWSCloudwatch/iio_us-east-1_i-a2eb1cd9_NetworkIn.csv
2013-10-12T12:45:00.0,2.6856614e6,0.47222748,false,realAWSCloudwatch/iio_us-east-1_i-a2eb1cd9_NetworkIn.csv
2013-10-12T12:50:00.0,2.7830478e6,0.47342542,false,realAWSCloudwatch/iio_us-east-1_i-a2eb1cd9_NetworkIn.csv
2013-10-12T12:55:00.0,2.4948188e6,0.47211516,false,realAWSCloudwatch/iio_us-east-1_i-a2eb1cd9_NetworkIn.csv
2013-10-12T13:00:00.0,2.915377e6,0.47409493,false,realAWSCloudwatch/iio_us-east-1_i-a2eb1cd9_NetworkIn.csv
2013-10-12T13:05:00.0,2.1008448e6,0.47030324,false,realAWSCloudwatch/iio_us-east-1_i-a2eb1cd9_NetworkIn.csv
2013-10-12T13:10:00.0,2.9327844e6,0.47318915,false,realAWSCloudwatch/iio_us-east-1_i-a2eb1cd9_NetworkIn.csv
2013-10-12T13:15:00.0,3.1139218e6,0.47553226,false,realAWSCloudwatch/iio_us-east-1_i-a2eb1cd9_NetworkIn.csv
2013-10-12T13:20:00.0,2.6790852e6,0.47354957,false,realAWSCloudwatch/iio_us-east-1_i-a2eb1cd9_NetworkIn.csv
2013-10-12T13:25:00.0,2.9812916e6,0.4746384,false,realAWSCloudwatch/iio_us-east-1_i-a2eb1cd9_NetworkIn.csv
2013-10-12T13:30:00.0,3.5289162e6,0.4785846,false,realAWSCloudwatch/iio_us-east-1_i-a2eb1cd9_NetworkIn.csv
2013-10-12T13:35:00.0,3.7142996e6,0.48172224,false,realAWSCloudwatch/iio_us-east-1_i-a2eb1cd9_NetworkIn.csv
2013-10-12T13:40:00.0,2.5063084e6,0.4766579,false,realAWSCloudwatch/iio_us-east-1_i-a2eb1cd9_NetworkIn.csv
2013-10-12T13:45:00.0,2.9770828e6,0.47782305,false,realAWSCloudwatch/iio_us-east-1_i-a2eb1cd9_NetworkIn.csv
2013-10-12T13:50:00.0,2.654474e6,0.4771099,false,realAWSCloudwatch/iio_us-east-1_i-a2eb1cd9_NetworkIn.csv
2013-10-12T13:55:00.0,2.7477576e6,0.4770511,false,realAWSCloudwatch/iio_us-east-1_i-a2eb1cd9_NetworkIn.csv
2013-10-12T14:00:00.0,3.4254502e6,0.48135942,false,realAWSCloudwatch/iio_us-east-1_i-a2eb1cd9_NetworkIn.csv
2013-10-12T14:05:00.0,2.8605884e6,0.47992575,false,realAWSCloudwatch/iio_us-east-1_i-a2eb1cd9_NetworkIn.csv
2013-10-12T14:10:00.0,2.6026006e6,0.47766903,false,realAWSCloudwatch/iio_us-east-1_i-a2eb1cd9_NetworkIn.csv
2013-10-12T14:15:00.0,3.0645624e6,0.47975,false,realAWSCloudwatch/iio_us-east-1_i-a2eb1cd9_NetworkIn.csv
2013-10-12T14:20:00.0,2.6786364e6,0.4781034,false,realAWSCloudwatch/iio_us-east-1_i-a2eb1cd9_NetworkIn.csv
2013-10-12T14:25:00.0,2.8110474e6,0.4777823,false,realAWSCloudwatch/iio_us-east-1_i-a2eb1cd9_NetworkIn.csv
2013-10-12T14:30:00.0,2.98617e6,0.47869402,false,realAWSCloudwatch/iio_us-east-1_i-a2eb1cd9_NetworkIn.csv
2013-10-12T14:35:00.0,3.0304982e6,0.47907403,false,realAWSCloudwatch/iio_us-east-1_i-a2eb1cd9_NetworkIn.csv
2013-10-12T14:40:00.0,1.9929142e6,0.47291306,false,realAWSCloudwatch/iio_us-east-1_i-a2eb1cd9_NetworkIn.csv
2013-10-12T14:45:00.0,2.3076386e6,0.47203916,false,realAWSCloudwatch/iio_us-east-1_i-a2eb1cd9_NetworkIn.csv
2013-10-12T14:50:00.0,2.916463e6,0.4751048,false,realAWSCloudwatch/iio_us-east-1_i-a2eb1cd9_NetworkIn.csv
2013-10-12T14:55:00.0,3.2186932e6,0.47722098,false,realAWSCloudwatch/iio_us-east-1_i-a2eb1cd9_NetworkIn.csv
2013-10-12T15:00:00.0,4.2321654e6,0.4837955,false,realAWSCloudwatch/iio_us-east-1_i-a2eb1cd9_NetworkIn.csv
2013-10-12T15:05:00.0,4.2934382e6,0.48821256,false,realAWSCloudwatch/iio_us-east-1_i-a2eb1cd9_NetworkIn.csv
2013-10-12T15:10:00.0,5.731243e6,0.50031406,false,realAWSCloudwatch/iio_us-east-1_i-a2eb1cd9_NetworkIn.csv
2013-10-12T15:15:00.0,3.3317198e6,0.49538755,false,realAWSCloudwatch/iio_us-east-1_i-a2eb1cd9_NetworkIn.csv
2013-10-12T15:20:00.0,3.8835878e6,0.4982625,false,realAWSCloudwatch/iio_us-east-1_i-a2eb1cd9_NetworkIn.csv
2013-10-12T15:25:00.0,3.2713422e6,0.4974488,false,realAWSCloudwatch/iio_us-east-1_i-a2eb1cd9_NetworkIn.csv
2013-10-12T15:30:00.0,2.9428432e6,0.49533468,false,realAWSCloudwatch/iio_us-east-1_i-a2eb1cd9_NetworkIn.csv
2013-10-12T15:35:00.0,3.694746e6,0.49980217,false,realAWSCloudwatch/iio_us-east-1_i-a2eb1cd9_NetworkIn.csv
2013-10-12T15:40:00.0,3.6421264e6,0.5015629,false,realAWSCloudwatch/iio_us-east-1_i-a2eb1cd9_NetworkIn.csv
2013-10-12T15:45:00.0,3.734729e6,0.503306,false,realAWSCloudwatch/iio_us-east-1_i-a2eb1cd9_NetworkIn.csv
2013-10-12T15:50:00.0,3.3944306e6,0.5023162,false,realAWSCloudwatch/iio_us-east-1_i-a2eb1cd9_NetworkIn.csv
2013-10-12T15:55:00.0,3.5292684e6,0.50285405,false,realAWSCloudwatch/iio_us-east-1_i-a2eb1cd9_NetworkIn.csv
2013-10-12T16:00:00.0,3.7155688e6,0.5041357,false,realAWSCloudwatch/iio_us-east-1_i-a2eb1cd9_NetworkIn.csv
2013-10-12T16:05:00.0,3.7468386e6,0.50479597,false,realAWSCloudwatch/iio_us-east-1_i-a2eb1cd9_NetworkIn.csv
2013-10-12T16:10:00.0,4.2083612e6,0.508069,false,realAWSCloudwatch/iio_us-east-1_i-a2eb1cd9_NetworkIn.csv
2013-10-12T16:15:00.0,4.0039018e6,0.5087381,false,realAWSCloudwatch/iio_us-east-1_i-a2eb1cd9_NetworkIn.csv
2013-10-12T16:20:00.0,3.8241638e6,0.5087423,false,realAWSCloudwatch/iio_us-east-1_i-a2eb1cd9_NetworkIn.csv
2013-10-12T16:25:00.0,3.3751258e6,0.5065518,false,realAWSCloudwatch/iio_us-east-1_i-a2eb1cd9_NetworkIn.csv
2013-10-12T16:30:00.0,3.540937e6,0.5068676,false,realAWSCloudwatch/iio_us-east-1_i-a2eb1cd9_NetworkIn.csv
2013-10-12T16:35:00.0,3.1469232e6,0.5043644,false,realAWSCloudwatch/iio_us-east-1_i-a2eb1cd9_NetworkIn.csv
2013-10-12T16:40:00.0,4.168467e6,0.50952595,false,realAWSCloudwatch/iio_us-east-1_i-a2eb1cd9_NetworkIn.csv
2013-10-12T16:45:00.0,3.3498102e6,0.506501,false,realAWSCloudwatch/iio_us-east-1_i-a2eb1cd9_NetworkIn.csv
2013-10-12T16:50:00.0,3.1877408e6,0.50430137,false,realAWSCloudwatch/iio_us-east-1_i-a2eb1cd9_NetworkIn.csv
2013-10-12T16:55:00.0,3.2178556e6,0.503208,false,realAWSCloudwatch/iio_us-east-1_i-a2eb1cd9_NetworkIn.csv
2013-10-12T17:00:00.0,3.2056582e6,0.50195056,false,realAWSCloudwatch/iio_us-east-1_i-a2eb1cd9_NetworkIn.csv
2013-10-12T17:05:00.0,2.2143418e6,0.4942116,false,realAWSCloudwatch/iio_us-east-1_i-a2eb1cd9_NetworkIn.csv
2013-10-12T17:10:00.0,2.0622688e6,0.48888052,false,realAWSCloudwatch/iio_us-east-1_i-a2eb1cd9_NetworkIn.csv
2013-10-12T17:15:00.0,2.5500432e6,0.48858806,false,realAWSCloudwatch/iio_us-east-1_i-a2eb1cd9_NetworkIn.csv
2013-10-12T17:20:00.0,2.0929852e6,0.48379993,false,realAWSCloudwatch/iio_us-east-1_i-a2eb1cd9_NetworkIn.csv
2013-10-12T17:25:00.0,3.1503998e6,0.4861753,false,realAWSCloudwatch/iio_us-east-1_i-a2eb1cd9_NetworkIn.csv
2013-10-12T17:30:00.0,2.1225092e6,0.47970742,false,realAWSCloudwatch/iio_us-east-1_i-a2eb1cd9_NetworkIn.csv
2013-10-12T17:35:00.0,2.7888562e6,0.47919652,false,realAWSCloudwatch/iio_us-east-1_i-a2eb1cd9_NetworkIn.csv
2013-10-12T17:40:00.0,2.3213602e6,0.475559,false,realAWSCloudwatch/iio_us-east-1_i-a2eb1cd9_NetworkIn.csv
2013-10-12T17:45:00.0,2.8908554e6,0.47587973,false,realAWSCloudwatch/iio_us-east-1_i-a2eb1cd9_NetworkIn.csv
2013-10-12T17:50:00.0,4.0350976e6,0.4819909,false,realAWSCloudwatch/iio_us-east-1_i-a2eb1cd9_NetworkIn.csv
2013-10-12T17:55:00.0,3.4971036e6,0.4819258,false,realAWSCloudwatch/iio_us-east-1_i-a2eb1cd9_NetworkIn.csv
2013-10-12T18:00:00.0,3.1700492e6,0.48080847,false,realAWSCloudwatch/iio_us-east-1_i-a2eb1cd9_NetworkIn.csv
2013-10-12T18:05:00.0,3.0044556e6,0.4805249,false,realAWSCloudwatch/iio_us-east-1_i-a2eb1cd9_NetworkIn.csv
2013-10-12T18:10:00.0,3.4662458e6,0.48389366,false,realAWSCloudwatch/iio_us-east-1_i-a2eb1cd9_NetworkIn.csv
2013-10-12T18:15:00.0,3.3318778e6,0.48529595,false,realAWSCloudwatch/iio_us-east-1_i-a2eb1cd9_NetworkIn.csv
2013-10-12T18:20:00.0,2.9441888e6,0.48407695,false,realAWSCloudwatch/iio_us-east-1_i-a2eb1cd9_NetworkIn.csv
2013-10-12T18:25:00.0,3.4915234e6,0.4875736,false,realAWSCloudwatch/iio_us-east-1_i-a2eb1cd9_NetworkIn.csv
2013-10-12T18:30:00.0,4.1613062e6,0.4936874,false,realAWSCloudwatch/iio_us-east-1_i-a2eb1cd9_NetworkIn.csv
2013-10-12T18:35:00.0,2.8242464e6,0.48886272,false,realAWSCloudwatch/iio_us-east-1_i-a2eb1cd9_NetworkIn.csv
2013-10-12T18:40:00.0,3.238769e6,0.48968008,false,realAWSCloudwatch/iio_us-east-1_i-a2eb1cd9_NetworkIn.csv
2013-10-12T18:45:00.0,3.3473278e6,0.4912149,false,realAWSCloudwatch/iio_us-east-1_i-a2eb1cd9_NetworkIn.csv
2013-10-12T18:50:00.0,3.1045828e6,0.49011916,false,realAWSCloudwatch/iio_us-east-1_i-a2eb1cd9_NetworkIn.csv
2013-10-12T18:55:00.0,3.0442502e6,0.48929873,false,realAWSCloudwatch/iio_us-east-1_i-a2eb1cd9_NetworkIn.csv
2013-10-12T19:00:00.0,3.441568e6,0.49138284,false,realAWSCloudwatch/iio_us-east-1_i-a2eb1cd9_NetworkIn.csv
2013-10-12T19:05:00.0,3.8988196e6,0.49501216,false,realAWSCloudwatch/iio_us-east-1_i-a2eb1cd9_NetworkIn.csv
2013-10-12T19:10:00.0,3.3274458e6,0.4934538,false,realAWSCloudwatch/iio_us-east-1_i-a2eb1cd9_NetworkIn.csv
2013-10-12T19:15:00.0,3.7696178e6,0.4959771,false,realAWSCloudwatch/iio_us-east-1_i-a2eb1cd9_NetworkIn.csv
2013-10-12T19:20:00.0,4.14561e6,0.5000262,false,realAWSCloudwatch/iio_us-east-1_i-a2eb1cd9_NetworkIn.csv
2013-10-12T19:25:00.0,4.4614346e6,0.50458103,false,realAWSCloudwatch/iio_us-east-1_i-a2eb1cd9_NetworkIn.csv
2013-10-12T19:30:00.0,3.3864054e6,0.5014882,false,realAWSCloudwatch/iio_us-east-1_i-a2eb1cd9_NetworkIn.csv
2013-10-12T19:35:00.0,7.1701146e6,0.52319896,false,realAWSCloudwatch/iio_us-east-1_i-a2eb1cd9_NetworkIn.csv
2013-10-12T19:40:00.0,3.8359376e6,0.51594275,false,realAWSCloudwatch/iio_us-east-1_i-a2eb1cd9_NetworkIn.csv
2013-10-12T19:45:00.0,3.849577e6,0.5164709,false,realAWSCloudwatch/iio_us-east-1_i-a2eb1cd9_NetworkIn.csv
2013-10-12T19:50:00.0,4.728437e6,0.52243894,false,realAWSCloudwatch/iio_us-east-1_i-a2eb1cd9_NetworkIn.csv
2013-10-12T19:55:00.0,3.6531014e6,0.51923007,false,realAWSCloudwatch/iio_us-east-1_i-a2eb1cd9_NetworkIn.csv
2013-10-12T20:00:00.0,3.4234754e6,0.51748353,false,realAWSCloudwatch/iio_us-east-1_i-a2eb1cd9_NetworkIn.csv
2013-10-12T20:05:00.0,3.3194262e6,0.51570725,false,realAWSCloudwatch/iio_us-east-1_i-a2eb1cd9_NetworkIn.csv
2013-10-12T20:10:00.0,3.4266444e6,0.5150368,false,realAWSCloudwatch/iio_us-east-1_i-a2eb1cd9_NetworkIn.csv
2013-10-12T20:15:00.0,3.2857944e6,0.5130293,false,realAWSCloudwatch/iio_us-east-1_i-a2eb1cd9_NetworkIn.csv
2013-10-12T20:20:00.0,3.8500476e6,0.51496804,false,realAWSCloudwatch/iio_us-east-1_i-a2eb1cd9_NetworkIn.csv
2013-10-12T20:25:00.0,3.6858544e6,0.5139358,false,realAWSCloudwatch/iio_us-east-1_i-a2eb1cd9_NetworkIn.csv
2013-10-12T20:30:00.0,3.3794786e6,0.5112561,false,realAWSCloudwatch/iio_us-east-1_i-a2eb1cd9_NetworkIn.csv
2013-10-12T20:35:00.0,3.5666834e6,0.51068527,false,realAWSCloudwatch/iio_us-east-1_i-a2eb1cd9_NetworkIn.csv
2013-10-12T20:40:00.0,3.5905078e6,0.5097935,false,realAWSCloudwatch/iio_us-east-1_i-a2eb1cd9_NetworkIn.csv
2013-10-12T20:45:00.0,3.4027584e6,0.50767714,false,realAWSCloudwatch/iio_us-east-1_i-a2eb1cd9_NetworkIn.csv
2013-10-12T20:50:00.0,3.54843e6,0.5071833,false,realAWSCloudwatch/iio_us-east-1_i-a2eb1cd9_NetworkIn.csv
2013-10-12T20:55:00.0,3.6196104e6,0.5069342,false,realAWSCloudwatch/iio_us-east-1_i-a2eb1cd9_NetworkIn.csv
2013-10-12T21:00:00.0,3.7489614e6,0.5073678,false,realAWSCloudwatch/iio_us-east-1_i-a2eb1cd9_NetworkIn.csv
2013-10-12T21:05:00.0,3.5596104e6,0.50635475,false,realAWSCloudwatch/iio_us-east-1_i-a2eb1cd9_NetworkIn.csv
2013-10-12T21:10:00.0,5.1785908e6,0.5156879,false,realAWSCloudwatch/iio_us-east-1_i-a2eb1cd9_NetworkIn.csv
2013-10-12T21:15:00.0,6.8228904e6,0.5282332,false,realAWSCloudwatch/iio_us-east-1_i-a2eb1cd9_NetworkIn.csv
2013-10-12T21:20:00.0,3.6527062e6,0.5198651,false,realAWSCloudwatch/iio_us-east-1_i-a2eb1cd9_NetworkIn.csv
2013-10-12T21:25:00.0,3.923214e6,0.5209758,false,realAWSCloudwatch/iio_us-east-1_i-a2eb1cd9_NetworkIn.csv
2013-10-12T21:30:00.0,3.4587456e6,0.518432,false,realAWSCloudwatch/iio_us-east-1_i-a2eb1cd9_NetworkIn.csv
2013-10-12T21:35:00.0,4.9550678e6,0.52633053,false,realAWSCloudwatch/iio_us-east-1_i-a2eb1cd9_NetworkIn.csv
2013-10-12T21:40:00.0,4.2628226e6,0.5251158,false,realAWSCloudwatch/iio_us-east-1_i-a2eb1cd9_NetworkIn.csv
2013-10-12T21:45:00.0,3.2487862e6,0.5201647,false,realAWSCloudwatch/iio_us-east-1_i-a2eb1cd9_NetworkIn.csv
2013-10-12T21:50:00.0,2.7128736e6,0.51450294,false,realAWSCloudwatch/iio_us-east-1_i-a2eb1cd9_NetworkIn.csv
2013-10-12T21:55:00.0,4.4886768e6,0.5220977,false,realAWSCloudwatch/iio_us-east-1_i-a2eb1cd9_NetworkIn.csv
2013-10-12T22:00:00.0,3.7803866e6,0.5193992,false,realAWSCloudwatch/iio_us-east-1_i-a2eb1cd9_NetworkIn.csv
2013-10-12T22:05:00.0,3.8019178e6,0.5190361,false,realAWSCloudwatch/iio_us-east-1_i-a2eb1cd9_NetworkIn.csv
2013-10-12T22:10:00.0,3.4100204e6,0.5160061,false,realAWSCloudwatch/iio_us-east-1_i-a2eb1cd9_NetworkIn.csv
2013-10-12T22:15:00.0,4.0138002e6,0.51793027,false,realAWSCloudwatch/iio_us-east-1_i-a2eb1cd9_NetworkIn.csv
2013-10-12T22:20:00.0,3.837695e6,0.51689595,false,realAWSCloudwatch/iio_us-east-1_i-a2eb1cd9_NetworkIn.csv
2013-10-12T22:25:00.0,3.7157388e6,0.5156581,false,realAWSCloudwatch/iio_us-east-1_i-a2eb1cd9_NetworkIn.csv
2013-10-12T22:30:00.0,3.1568624e6,0.5113963,false,realAWSCloudwatch/iio_us-east-1_i-a2eb1cd9_NetworkIn.csv
2013-10-12T22:35:00.0,3.447375e6,0.5108504,false,realAWSCloudwatch/iio_us-east-1_i-a2eb1cd9_NetworkIn.csv
2013-10-12T22:40:00.0,3.909523e6,0.51255596,false,realAWSCloudwatch/iio_us-east-1_i-a2eb1cd9_NetworkIn.csv
2013-10-12T22:45:00.0,4.0834872e6,0.51386607,false,realAWSCloudwatch/iio_us-east-1_i-a2eb1cd9_NetworkIn.csv
2013-10-12T22:50:00.0,3.4109698e6,0.5105055,false,realAWSCloudwatch/iio_us-east-1_i-a2eb1cd9_NetworkIn.csv
2013-10-12T22:55:00.0,3.6305476e6,0.51051635,false,realAWSCloudwatch/iio_us-east-1_i-a2eb1cd9_NetworkIn.csv
2013-10-12T23:00:00.0,3.579646e6,0.50981736,false,realAWSCloudwatch/iio_us-east-1_i-a2eb1cd9_NetworkIn.csv
2013-10-12T23:05:00.0,3.518559e6,0.5088576,false,realAWSCloudwatch/iio_us-east-1_i-a2eb1cd9_NetworkIn.csv
2013-10-12T23:10:00.0,3.6153762e6,0.508774,false,realAWSCloudwatch/iio_us-east-1_i-a2eb1cd9_NetworkIn.csv
2013-10-12T23:15:00.0,3.57987e6,0.5082373,false,realAWSCloudwatch/iio_us-east-1_i-a2eb1cd9_NetworkIn.csv
2013-10-12T23:20:00.0,3.9147754e6,0.5098911,false,realAWSCloudwatch/iio_us-east-1_i-a2eb1cd9_NetworkIn.csv
2013-10-12T23:25:00.0,3.02643e6,0.50498444,false,realAWSCloudwatch/iio_us-east-1_i-a2eb1cd9_NetworkIn.csv
2013-10-12T23:30:00.0,3.681278e6,0.50682926,false,realAWSCloudwatch/iio_us-east-1_i-a2eb1cd9_NetworkIn.csv
2013-10-12T23:35:00.0,3.65527e6,0.50692904,false,realAWSCloudwatch/iio_us-east-1_i-a2eb1cd9_NetworkIn.csv
2013-10-12T23:40:00.0,3.1177786e6,0.5034028,false,realAWSCloudwatch/iio_us-east-1_i-a2eb1cd9_NetworkIn.csv
2013-10-12T23:45:00.0,3.4648878e6,0.5038116,false,realAWSCloudwatch/iio_us-east-1_i-a2eb1cd9_NetworkIn.csv
2013-10-12T23:50:00.0,3.4901456e6,0.5036231,false,realAWSCloudwatch/iio_us-east-1_i-a2eb1cd9_NetworkIn.csv
2013-10-12T23:55:00.0,3.5309074e6,0.50342906,false,realAWSCloudwatch/iio_us-east-1_i-a2eb1cd9_NetworkIn.csv
2013-10-13T00:00:00.0,3.5365474e6,0.5031881,false,realAWSCloudwatch/iio_us-east-1_i-a2eb1cd9_NetworkIn.csv
2013-10-13T00:05:00.0,3.4387698e6,0.50232804,false,realAWSCloudwatch/iio_us-east-1_i-a2eb1cd9_NetworkIn.csv
2013-10-13T00:10:00.0,2.5926878e6,0.49632528,false,realAWSCloudwatch/iio_us-east-1_i-a2eb1cd9_NetworkIn.csv
2013-10-13T00:15:00.0,1.9603602e6,0.48884445,false,realAWSCloudwatch/iio_us-east-1_i-a2eb1cd9_NetworkIn.csv
2013-10-13T00:20:00.0,2.0251968e6,0.48531666,false,realAWSCloudwatch/iio_us-east-1_i-a2eb1cd9_NetworkIn.csv
2013-10-13T00:25:00.0,1.7166198e6,0.48070678,false,realAWSCloudwatch/iio_us-east-1_i-a2eb1cd9_NetworkIn.csv
2013-10-13T00:30:00.0,1.789308e6,0.4777609,false,realAWSCloudwatch/iio_us-east-1_i-a2eb1cd9_NetworkIn.csv
2013-10-13T00:35:00.0,1.892481e6,0.47542575,false,realAWSCloudwatch/iio_us-east-1_i-a2eb1cd9_NetworkIn.csv
2013-10-13T00:40:00.0,1.7268404e6,0.47141904,false,realAWSCloudwatch/iio_us-east-1_i-a2eb1cd9_NetworkIn.csv
2013-10-13T00:45:00.0,1.8787918e6,0.4685453,false,realAWSCloudwatch/iio_us-east-1_i-a2eb1cd9_NetworkIn.csv
2013-10-13T00:50:00.0,1.7922452e6,0.4650636,false,realAWSCloudwatch/iio_us-east-1_i-a2eb1cd9_NetworkIn.csv
2013-10-13T00:55:00.0,1.4581742e6,0.46022958,false,realAWSCloudwatch/iio_us-east-1_i-a2eb1cd9_NetworkIn.csv
2013-10-13T01:00:00.0,1.7407558e6,0.4585733,false,realAWSCloudwatch/iio_us-east-1_i-a2eb1cd9_NetworkIn.csv
2013-10-13T01:05:00.0,1.8070068e6,0.45726627,false,realAWSCloudwatch/iio_us-east-1_i-a2eb1cd9_NetworkIn.csv
2013-10-13T01:10:00.0,2.3070768e6,0.45828542,false,realAWSCloudwatch/iio_us-east-1_i-a2eb1cd9_NetworkIn.csv
2013-10-13T01:15:00.0,3.1089406e6,0.46242297,false,realAWSCloudwatch/iio_us-east-1_i-a2eb1cd9_NetworkIn.csv
2013-10-13T01:20:00.0,3.4506332e6,0.4661546,false,realAWSCloudwatch/iio_us-east-1_i-a2eb1cd9_NetworkIn.csv
2013-10-13T01:25:00.0,3.6647864e6,0.47000283,false,realAWSCloudwatch/iio_us-east-1_i-a2eb1cd9_NetworkIn.csv
2013-10-13T01:30:00.0,4.1180688e6,0.47617012,false,realAWSCloudwatch/iio_us-east-1_i-a2eb1cd9_NetworkIn.csv
2013-10-13T01:35:00.0,4.0532226e6,0.4810285,false,realAWSCloudwatch/iio_us-east-1_i-a2eb1cd9_NetworkIn.csv
2013-10-13T01:40:00.0,4.2017964e6,0.4865908,false,realAWSCloudwatch/iio_us-east-1_i-a2eb1cd9_NetworkIn.csv
2013-10-13T01:45:00.0,4.3042142e6,0.49242648,false,realAWSCloudwatch/iio_us-east-1_i-a2eb1cd9_NetworkIn.csv
2013-10-13T01:50:00.0,4.5241766e6,0.49890742,false,realAWSCloudwatch/iio_us-east-1_i-a2eb1cd9_NetworkIn.csv
2013-10-13T01:55:00.0,4.3521754e6,0.5032841,false,realAWSCloudwatch/iio_us-east-1_i-a2eb1cd9_NetworkIn.csv
2013-10-13T02:00:00.0,4.1932092e6,0.5065263,false,realAWSCloudwatch/iio_us-east-1_i-a2eb1cd9_NetworkIn.csv
2013-10-13T02:05:00.0,4.4820982e6,0.5116202,false,realAWSCloudwatch/iio_us-east-1_i-a2eb1cd9_NetworkIn.csv
2013-10-13T02:10:00.0,4.6444328e6,0.51637864,false,realAWSCloudwatch/iio_us-east-1_i-a2eb1cd9_NetworkIn.csv
2013-10-13T02:15:00.0,4.4359916e6,0.5188761,false,realAWSCloudwatch/iio_us-east-1_i-a2eb1cd9_NetworkIn.csv
2013-10-13T02:20:00.0,4.417648e6,0.52143866,false,realAWSCloudwatch/iio_us-east-1_i-a2eb1cd9_NetworkIn.csv
2013-10-13T02:25:00.0,4.4867796e6,0.5240526,false,realAWSCloudwatch/iio_us-east-1_i-a2eb1cd9_NetworkIn.csv
2013-10-13T02:30:00.0,4.538636e6,0.52637017,false,realAWSCloudwatch/iio_us-east-1_i-a2eb1cd9_NetworkIn.csv
2013-10-13T02:35:00.0,4.4614624e6,0.5277439,false,realAWSCloudwatch/iio_us-east-1_i-a2eb1cd9_NetworkIn.csv
2013-10-13T02:40:00.0,4.468985e6,0.52912766,false,realAWSCloudwatch/iio_us-east-1_i-a2eb1cd9_NetworkIn.csv
2013-10-13T02:45:00.0,4.6122458e6,0.53100514,false,realAWSCloudwatch/iio_us-east-1_i-a2eb1cd9_NetworkIn.csv
2013-10-13T02:50:00.0,4.4847314e6,0.5314794,false,realAWSCloudwatch/iio_us-east-1_i-a2eb1cd9_NetworkIn.csv
2013-10-13T02:55:00.0,4.6421552e6,0.533095,false,realAWSCloudwatch/iio_us-east-1_i-a2eb1cd9_NetworkIn.csv
2013-10-13T03:00:00.0,4.8931762e6,0.53527427,false,realAWSCloudwatch/iio_us-east-1_i-a2eb1cd9_NetworkIn.csv
2013-10-13T03:05:00.0,5.5498138e6,0.53978014,false,realAWSCloudwatch/iio_us-east-1_i-a2eb1cd9_NetworkIn.csv
2013-10-13T03:10:00.0,6.1799326e6,0.54466736,false,realAWSCloudwatch/iio_us-east-1_i-a2eb1cd9_NetworkIn.csv
2013-10-13T03:15:00.0,5.1054034e6,0.5423307,false,realAWSCloudwatch/iio_us-east-1_i-a2eb1cd9_NetworkIn.csv
2013-10-13T03:20:00.0,4.4517666e6,0.5403054,false,realAWSCloudwatch/iio_us-east-1_i-a2eb1cd9_NetworkIn.csv
2013-10-13T03:25:00.0,4.481147e6,0.5400085,false,realAWSCloudwatch/iio_us-east-1_i-a2eb1cd9_NetworkIn.csv
2013-10-13T03:30:00.0,4.6940286e6,0.54048,false,realAWSCloudwatch/iio_us-east-1_i-a2eb1cd9_NetworkIn.csv
2013-10-13T03:35:00.0,4.4308124e6,0.53887784,false,realAWSCloudwatch/iio_us-east-1_i-a2eb1cd9_NetworkIn.csv
2013-10-13T03:40:00.0,4.5018124e6,0.5387772,false,realAWSCloudwatch/iio_us-east-1_i-a2eb1cd9_NetworkIn.csv
2013-10-13T03:45:00.0,4.6378402e6,0.5390588,false,realAWSCloudwatch/iio_us-east-1_i-a2eb1cd9_NetworkIn.csv
2013-10-13T03:50:00.0,4.8939044e6,0.54030067,false,realAWSCloudwatch/iio_us-east-1_i-a2eb1cd9_NetworkIn.csv
2013-10-13T03:55:00.0,4.580558e6,0.53904724,false,realAWSCloudwatch/iio_us-east-1_i-a2eb1cd9_NetworkIn.csv
2013-10-13T04:00:00.0,4.631284e6,0.539288,false,realAWSCloudwatch/iio_us-east-1_i-a2eb1cd9_NetworkIn.csv
2013-10-13T04:05:00.0,4.5100298e6,0.5385065,false,realAWSCloudwatch/iio_us-east-1_i-a2eb1cd9_NetworkIn.csv
2013-10-13T04:10:00.0,4.5319318e6,0.538369,false,realAWSCloudwatch/iio_us-east-1_i-a2eb1cd9_NetworkIn.csv
2013-10-13T04:15:00.0,4.9510732e6,0.5402475,false,realAWSCloudwatch/iio_us-east-1_i-a2eb1cd9_NetworkIn.csv
2013-10-13T04:20:00.0,4.7443246e6,0.5395979,false,realAWSCloudwatch/iio_us-east-1_i-a2eb1cd9_NetworkIn.csv
2013-10-13T04:25:00.0,4.864875e6,0.5405028,false,realAWSCloudwatch/iio_us-east-1_i-a2eb1cd9_NetworkIn.csv
2013-10-13T04:30:00.0,4.6811258e6,0.5398225,false,realAWSCloudwatch/iio_us-east-1_i-a2eb1cd9_NetworkIn.csv
2013-10-13T04:35:00.0,4.3680988e6,0.53826493,false,realAWSCloudwatch/iio_us-east-1_i-a2eb1cd9_NetworkIn.csv
2013-10-13T04:40:00.0,4.6878812e6,0.5393864,false,realAWSCloudwatch/iio_us-east-1_i-a2eb1cd9_NetworkIn.csv
2013-10-13T04:45:00.0,5.001344e6,0.5408238,false,realAWSCloudwatch/iio_us-east-1_i-a2eb1cd9_NetworkIn.csv
2013-10-13T04:50:00.0,4.6184618e6,0.5394195,false,realAWSCloudwatch/iio_us-east-1_i-a2eb1cd9_NetworkIn.csv
2013-10-13T04:55:00.0,4.5844974e6,0.5392969,false,realAWSCloudwatch/iio_us-east-1_i-a2eb1cd9_NetworkIn.csv
2013-10-13T05:00:00.0,4.7550728e6,0.53993976,false,realAWSCloudwatch/iio_us-east-1_i-a2eb1cd9_NetworkIn.csv
2013-10-13T05:05:00.0,4.8523684e6,0.54049844,false,realAWSCloudwatch/iio_us-east-1_i-a2eb1cd9_NetworkIn.csv
2013-10-13T05:10:00.0,4.7959878e6,0.5404748,false,realAWSCloudwatch/iio_us-east-1_i-a2eb1cd9_NetworkIn.csv
2013-10-13T05:15:00.0,4.832927e6,0.54085386,false,realAWSCloudwatch/iio_us-east-1_i-a2eb1cd9_NetworkIn.csv
2013-10-13T05:20:00.0,4.6900334e6,0.54031307,false,realAWSCloudwatch/iio_us-east-1_i-a2eb1cd9_NetworkIn.csv
2013-10-13T05:25:00.0,4.7290952e6,0.54049766,false,realAWSCloudwatch/iio_us-east-1_i-a2eb1cd9_NetworkIn.csv
2013-10-13T05:30:00.0,4.7263696e6,0.5404251,false,realAWSCloudwatch/iio_us-east-1_i-a2eb1cd9_NetworkIn.csv
2013-10-13T05:35:00.0,4.4298558e6,0.538887,false,realAWSCloudwatch/iio_us-east-1_i-a2eb1cd9_NetworkIn.csv
2013-10-13T05:40:00.0,4.6175036e6,0.5394135,false,realAWSCloudwatch/iio_us-east-1_i-a2eb1cd9_NetworkIn.csv
2013-10-13T05:45:00.0,4.9526288e6,0.5408436,false,realAWSCloudwatch/iio_us-east-1_i-a2eb1cd9_NetworkIn.csv
2013-10-13T05:50:00.0,4.2569104e6,0.53766036,false,realAWSCloudwatch/iio_us-east-1_i-a2eb1cd9_NetworkIn.csv
2013-10-13T05:55:00.0,4.6742054e6,0.5393113,false,realAWSCloudwatch/iio_us-east-1_i-a2eb1cd9_NetworkIn.csv
2013-10-13T06:00:00.0,4.4404908e6,0.5378347,false,realAWSCloudwatch/iio_us-east-1_i-a2eb1cd9_NetworkIn.csv
2013-10-13T06:05:00.0,4.6348004e6,0.5386011,false,realAWSCloudwatch/iio_us-east-1_i-a2eb1cd9_NetworkIn.csv
2013-10-13T06:10:00.0,4.2074728e6,0.5362118,false,realAWSCloudwatch/iio_us-east-1_i-a2eb1cd9_NetworkIn.csv
2013-10-13T06:15:00.0,4.0639054e6,0.53476024,false,realAWSCloudwatch/iio_us-east-1_i-a2eb1cd9_NetworkIn.csv
2013-10-13T06:20:00.0,4.2317086e6,0.534565,false,realAWSCloudwatch/iio_us-east-1_i-a2eb1cd9_NetworkIn.csv
2013-10-13T06:25:00.0,4.443433e6,0.53501236,false,realAWSCloudwatch/iio_us-east-1_i-a2eb1cd9_NetworkIn.csv
2013-10-13T06:30:00.0,4.5695778e6,0.53554046,false,realAWSCloudwatch/iio_us-east-1_i-a2eb1cd9_NetworkIn.csv
2013-10-13T06:35:00.0,4.2324636e6,0.5339191,false,realAWSCloudwatch/iio_us-east-1_i-a2eb1cd9_NetworkIn.csv
2013-10-13T06:40:00.0,4.5307296e6,0.5351314,false,realAWSCloudwatch/iio_us-east-1_i-a2eb1cd9_NetworkIn.csv
2013-10-13T06:45:00.0,5.1887274e6,0.53853273,false,realAWSCloudwatch/iio_us-east-1_i-a2eb1cd9_NetworkIn.csv
2013-10-13T06:50:00.0,3.8168948e6,0.53263307,false,realAWSCloudwatch/iio_us-east-1_i-a2eb1cd9_NetworkIn.csv
2013-10-13T06:55:00.0,4.0500486e6,0.53284264,false,realAWSCloudwatch/iio_us-east-1_i-a2eb1cd9_NetworkIn.csv
2013-10-13T07:00:00.0,4.632655e6,0.5348614,false,realAWSCloudwatch/iio_us-east-1_i-a2eb1cd9_NetworkIn.csv
2013-10-13T07:05:00.0,4.3311654e6,0.53356856,false,realAWSCloudwatch/iio_us-east-1_i-a2eb1cd9_NetworkIn.csv
2013-10-13T07:10:00.0,4.2568164e6,0.53308743,false,realAWSCloudwatch/iio_us-east-1_i-a2eb1cd9_NetworkIn.csv
2013-10-13T07:15:00.0,4.514565e6,0.534121,false,realAWSCloudwatch/iio_us-east-1_i-a2eb1cd9_NetworkIn.csv
2013-10-13T07:20:00.0,4.2316428e6,0.53276443,false,realAWSCloudwatch/iio_us-east-1_i-a2eb1cd9_NetworkIn.csv
2013-10-13T07:25:00.0,3.996057e6,0.5311546,false,realAWSCloudwatch/iio_us-east-1_i-a2eb1cd9_NetworkIn.csv
2013-10-13T07:30:00.0,3.8217468e6,0.5292438,false,realAWSCloudwatch/iio_us-east-1_i-a2eb1cd9_NetworkIn.csv
2013-10-13T07:35:00.0,3.6934348e6,0.52720696,false,realAWSCloudwatch/iio_us-east-1_i-a2eb1cd9_NetworkIn.csv
2013-10-13T07:40:00.0,4.0690992e6,0.52785736,false,realAWSCloudwatch/iio_us-east-1_i-a2eb1cd9_NetworkIn.csv
2013-10-13T07:45:00.0,4.1017268e6,0.52748865,false,realAWSCloudwatch/iio_us-east-1_i-a2eb1cd9_NetworkIn.csv
2013-10-13T07:50:00.0,4.2056718e6,0.5277731,false,realAWSCloudwatch/iio_us-east-1_i-a2eb1cd9_NetworkIn.csv
2013-10-13T07:55:00.0,3.9892636e6,0.5264543,false,realAWSCloudwatch/iio_us-east-1_i-a2eb1cd9_NetworkIn.csv
2013-10-13T08:00:00.0,3.828862e6,0.5249449,false,realAWSCloudwatch/iio_us-east-1_i-a2eb1cd9_NetworkIn.csv
2013-10-13T08:05:00.0,3.6416866e6,0.5228299,false,realAWSCloudwatch/iio_us-east-1_i-a2eb1cd9_NetworkIn.csv
2013-10-13T08:10:00.0,3.3242616e6,0.519437,false,realAWSCloudwatch/iio_us-east-1_i-a2eb1cd9_NetworkIn.csv
2013-10-13T08:15:00.0,3.5845992e6,0.5187811,false,realAWSCloudwatch/iio_us-east-1_i-a2eb1cd9_NetworkIn.csv
2013-10-13T08:20:00.0,3.4017898e6,0.51627004,false,realAWSCloudwatch/iio_us-east-1_i-a2eb1cd9_NetworkIn.csv
2013-10-13T08:25:00.0,3.1717752e6,0.5129782,false,realAWSCloudwatch/iio_us-east-1_i-a2eb1cd9_NetworkIn.csv
2013-10-13T08:30:00.0,2.9389718e6,0.5090178,false,realAWSCloudwatch/iio_us-east-1_i-a2eb1cd9_NetworkIn.csv
2013-10-13T08:35:00.0,2.6756762e6,0.5042908,false,realAWSCloudwatch/iio_us-east-1_i-a2eb1cd9_NetworkIn.csv
2013-10-13T08:40:00.0,2.0229478e6,0.49644247,false,realAWSCloudwatch/iio_us-east-1_i-a2eb1cd9_NetworkIn.csv
2013-10-13T08:45:00.0,2.6134058e6,0.49528217,false,realAWSCloudwatch/iio_us-east-1_i-a2eb1cd9_NetworkIn.csv
2013-10-13T08:50:00.0,3.0749156e6,0.49535477,false,realAWSCloudwatch/iio_us-east-1_i-a2eb1cd9_NetworkIn.csv
2013-10-13T08:55:00.0,3.4544066e6,0.49547714,false,realAWSCloudwatch/iio_us-east-1_i-a2eb1cd9_NetworkIn.csv
2013-10-13T09:00:00.0,3.9530578e6,0.49717468,false,realAWSCloudwatch/iio_us-east-1_i-a2eb1cd9_NetworkIn.csv
2013-10-13T09:05:00.0,4.3468768e6,0.4999527,false,realAWSCloudwatch/iio_us-east-1_i-a2eb1cd9_NetworkIn.csv
2013-10-13T09:10:00.0,4.6904942e6,0.5040917,false,realAWSCloudwatch/iio_us-east-1_i-a2eb1cd9_NetworkIn.csv
2013-10-13T09:15:00.0,4.6016212e6,0.50732195,false,realAWSCloudwatch/iio_us-east-1_i-a2eb1cd9_NetworkIn.csv
2013-10-13T09:20:00.0,1.4825092e6,0.49089506,false,realAWSCloudwatch/iio_us-east-1_i-a2eb1cd9_NetworkIn.csv
2013-10-13T09:25:00.0,4.1497892e6,0.5013529,false,realAWSCloudwatch/iio_us-east-1_i-a2eb1cd9_NetworkIn.csv
2013-10-13T09:30:00.0,5.0922264e6,0.5108532,false,realAWSCloudwatch/iio_us-east-1_i-a2eb1cd9_NetworkIn.csv
2013-10-13T09:35:00.0,4.9214008e6,0.5154202,false,realAWSCloudwatch/iio_us-east-1_i-a2eb1cd9_NetworkIn.csv
2013-10-13T09:40:00.0,4.5100036e6,0.5175761,false,realAWSCloudwatch/iio_us-east-1_i-a2eb1cd9_NetworkIn.csv
2013-10-13T09:45:00.0,4.8577602e6,0.52232796,false,realAWSCloudwatch/iio_us-east-1_i-a2eb1cd9_NetworkIn.csv
2013-10-13T09:50:00.0,4.6353414e6,0.5242878,false,realAWSCloudwatch/iio_us-east-1_i-a2eb1cd9_NetworkIn.csv
2013-10-13T09:55:00.0,4.7528496e6,0.52721786,false,realAWSCloudwatch/iio_us-east-1_i-a2eb1cd9_NetworkIn.csv
2013-10-13T10:00:00.0,4.6005164e6,0.5285916,false,realAWSCloudwatch/iio_us-east-1_i-a2eb1cd9_NetworkIn.csv
2013-10-13T10:05:00.0,4.467507e6,0.52953273,false,realAWSCloudwatch/iio_us-east-1_i-a2eb1cd9_NetworkIn.csv
2013-10-13T10:10:00.0,4.6008202e6,0.5313692,false,realAWSCloudwatch/iio_us-east-1_i-a2eb1cd9_NetworkIn.csv
2013-10-13T10:15:00.0,4.4667406e6,0.53179806,false,realAWSCloudwatch/iio_us-east-1_i-a2eb1cd9_NetworkIn.csv
2013-10-13T10:20:00.0,4.816356e6,0.5344526,false,realAWSCloudwatch/iio_us-east-1_i-a2eb1cd9_NetworkIn.csv
2013-10-13T10:25:00.0,4.4128212e6,0.53347725,false,realAWSCloudwatch/iio_us-east-1_i-a2eb1cd9_NetworkIn.csv
2013-10-13T10:30:00.0,4.2894612e6,0.53321046,false,realAWSCloudwatch/iio_us-east-1_i-a2eb1cd9_NetworkIn.csv
2013-10-13T10:35:00.0,4.8069126e6,0.535872,false,realAWSCloudwatch/iio_us-east-1_i-a2eb1cd9_NetworkIn.csv
2013-10-13T10:40:00.0,4.5408846e6,0.53521276,false,realAWSCloudwatch/iio_us-east-1_i-a2eb1cd9_NetworkIn.csv
2013-10-13T10:45:00.0,3.9732306e6,0.5325154,false,realAWSCloudwatch/iio_us-east-1_i-a2eb1cd9_NetworkIn.csv
2013-10-13T10:50:00.0,4.151312e6,0.5325697,false,realAWSCloudwatch/iio_us-east-1_i-a2eb1cd9_NetworkIn.csv
2013-10-13T10:55:00.0,4.408599e6,0.53328925,false,realAWSCloudwatch/iio_us-east-1_i-a2eb1cd9_NetworkIn.csv
2013-10-13T11:00:00.0,4.412467e6,0.5332926,false,realAWSCloudwatch/iio_us-east-1_i-a2eb1cd9_NetworkIn.csv
2013-10-13T11:05:00.0,4.0147116e6,0.5311616,false,realAWSCloudwatch/iio_us-east-1_i-a2eb1cd9_NetworkIn.csv
2013-10-13T11:10:00.0,4.4556614e6,0.5328623,false,realAWSCloudwatch/iio_us-east-1_i-a2eb1cd9_NetworkIn.csv
2013-10-13T11:15:00.0,4.5181654e6,0.5332328,false,realAWSCloudwatch/iio_us-east-1_i-a2eb1cd9_NetworkIn.csv
2013-10-13T11:20:00.0,5.2195534e6,0.5372592,false,realAWSCloudwatch/iio_us-east-1_i-a2eb1cd9_NetworkIn.csv
2013-10-13T11:25:00.0,4.5290072e6,0.5351859,false,realAWSCloudwatch/iio_us-east-1_i-a2eb1cd9_NetworkIn.csv
2013-10-13T11:30:00.0,5.0144676e6,0.53821117,false,realAWSCloudwatch/iio_us-east-1_i-a2eb1cd9_NetworkIn.csv
2013-10-13T11:35:00.0,5.0917168e6,0.53938925,false,realAWSCloudwatch/iio_us-east-1_i-a2eb1cd9_NetworkIn.csv
2013-10-13T11:40:00.0,4.955261e6,0.5398298,false,realAWSCloudwatch/iio_us-east-1_i-a2eb1cd9_NetworkIn.csv
2013-10-13T11:45:00.0,5.1297456e6,0.54143584,false,realAWSCloudwatch/iio_us-east-1_i-a2eb1cd9_NetworkIn.csv
2013-10-13T11:50:00.0,5.522536e6,0.54412633,false,realAWSCloudwatch/iio_us-east-1_i-a2eb1cd9_NetworkIn.csv
2013-10-13T11:55:00.0,5.46607e6,0.5450652,false,realAWSCloudwatch/iio_us-east-1_i-a2eb1cd9_NetworkIn.csv
2013-10-13T12:00:00.0,5.1812282e6,0.54484564,false,realAWSCloudwatch/iio_us-east-1_i-a2eb1cd9_NetworkIn.csv
2013-10-13T12:05:00.0,4.97107e6,0.5443889,false,realAWSCloudwatch/iio_us-east-1_i-a2eb1cd9_NetworkIn.csv
2013-10-13T12:10:00.0,5.4173144e6,0.54662627,false,realAWSCloudwatch/iio_us-east-1_i-a2eb1cd9_NetworkIn.csv
2013-10-13T12:15:00.0,5.3811202e6,0.54681945,false,realAWSCloudwatch/iio_us-east-1_i-a2eb1cd9_NetworkIn.csv
2013-10-13T12:20:00.0,5.6487114e6,0.5486194,false,realAWSCloudwatch/iio_us-east-1_i-a2eb1cd9_NetworkIn.csv
2013-10-13T12:25:00.0,5.237271e6,0.54729754,false,realAWSCloudwatch/iio_us-east-1_i-a2eb1cd9_NetworkIn.csv
2013-10-13T12:30:00.0,4.5671966e6,0.5443565,false,realAWSCloudwatch/iio_us-east-1_i-a2eb1cd9_NetworkIn.csv
2013-10-13T12:35:00.0,5.0109976e6,0.5458337,false,realAWSCloudwatch/iio_us-east-1_i-a2eb1cd9_NetworkIn.csv
2013-10-13T12:40:00.0,4.8020908e6,0.5442726,false,realAWSCloudwatch/iio_us-east-1_i-a2eb1cd9_NetworkIn.csv
2013-10-13T12:45:00.0,5.5120442e6,0.54741,false,realAWSCloudwatch/iio_us-east-1_i-a2eb1cd9_NetworkIn.csv
2013-10-13T12:50:00.0,5.365367e6,0.54693866,false,realAWSCloudwatch/iio_us-east-1_i-a2eb1cd9_NetworkIn.csv
2013-10-13T12:55:00.0,5.3591128e6,0.5475231,false,realAWSCloudwatch/iio_us-east-1_i-a2eb1cd9_NetworkIn.csv
2013-10-13T13:00:00.0,5.206969e6,0.547095,false,realAWSCloudwatch/iio_us-east-1_i-a2eb1cd9_NetworkIn.csv
2013-10-13T13:05:00.0,5.4418366e6,0.5483485,false,realAWSCloudwatch/iio_us-east-1_i-a2eb1cd9_NetworkIn.csv
2013-10-13T13:10:00.0,5.0139688e6,0.54650694,false,realAWSCloudwatch/iio_us-east-1_i-a2eb1cd9_NetworkIn.csv
2013-10-13T13:15:00.0,5.0872888e6,0.54678124,false,realAWSCloudwatch/iio_us-east-1_i-a2eb1cd9_NetworkIn.csv
2013-10-13T13:20:00.0,4.889297e6,0.545507,false,realAWSCloudwatch/iio_us-east-1_i-a2eb1cd9_NetworkIn.csv
2013-10-13T13:25:00.0,5.1139662e6,0.5462718,false,realAWSCloudwatch/iio_us-east-1_i-a2eb1cd9_NetworkIn.csv
2013-10-13T13:30:00.0,5.3807292e6,0.547326,false,realAWSCloudwatch/iio_us-east-1_i-a2eb1cd9_NetworkIn.csv
2013-10-13T13:35:00.0,5.1357624e6,0.54643136,false,realAWSCloudwatch/iio_us-east-1_i-a2eb1cd9_NetworkIn.csv
2013-10-13T13:40:00.0,5.7264638e6,0.5493593,false,realAWSCloudwatch/iio_us-east-1_i-a2eb1cd9_NetworkIn.csv
2013-10-13T13:45:00.0,5.1526784e6,0.54712737,false,realAWSCloudwatch/iio_us-east-1_i-a2eb1cd9_NetworkIn.csv
2013-10-13T13:50:00.0,5.1791414e6,0.5475426,false,realAWSCloudwatch/iio_us-east-1_i-a2eb1cd9_NetworkIn.csv
2013-10-13T13:55:00.0,5.3132736e6,0.5479589,false,realAWSCloudwatch/iio_us-east-1_i-a2eb1cd9_NetworkIn.csv
2013-10-13T14:00:00.0,4.990068e6,0.5464744,false,realAWSCloudwatch/iio_us-east-1_i-a2eb1cd9_NetworkIn.csv
2013-10-13T14:05:00.0,5.135694e6,0.5469628,false,realAWSCloudwatch/iio_us-east-1_i-a2eb1cd9_NetworkIn.csv
2013-10-13T14:10:00.0,4.809917e6,0.54511845,false,realAWSCloudwatch/iio_us-east-1_i-a2eb1cd9_NetworkIn.csv
2013-10-13T14:15:00.0,4.8374994e6,0.5448691,false,realAWSCloudwatch/iio_us-east-1_i-a2eb1cd9_NetworkIn.csv
2013-10-13T14:20:00.0,5.081224e6,0.54552025,false,realAWSCloudwatch/iio_us-east-1_i-a2eb1cd9_NetworkIn.csv
2013-10-13T14:25:00.0,4.8463392e6,0.5442615,false,realAWSCloudwatch/iio_us-east-1_i-a2eb1cd9_NetworkIn.csv
2013-10-13T14:30:00.0,4.988007e6,0.54476845,false,realAWSCloudwatch/iio_us-east-1_i-a2eb1cd9_NetworkIn.csv
2013-10-13T14:35:00.0,4.5985914e6,0.5426566,false,realAWSCloudwatch/iio_us-east-1_i-a2eb1cd9_NetworkIn.csv
2013-10-13T14:40:00.0,4.4672282e6,0.5415153,false,realAWSCloudwatch/iio_us-east-1_i-a2eb1cd9_NetworkIn.csv
2013-10-13T14:45:00.0,4.2612528e6,0.53957474,false,realAWSCloudwatch/iio_us-east-1_i-a2eb1cd9_NetworkIn.csv
2013-10-13T14:50:00.0,5.2634308e6,0.54365766,false,realAWSCloudwatch/iio_us-east-1_i-a2eb1cd9_NetworkIn.csv
2013-10-13T14:55:00.0,4.7412428e6,0.5413576,false,realAWSCloudwatch/iio_us-east-1_i-a2eb1cd9_NetworkIn.csv
2013-10-13T15:00:00.0,5.2686734e6,0.5442448,false,realAWSCloudwatch/iio_us-east-1_i-a2eb1cd9_NetworkIn.csv
2013-10-13T15:05:00.0,6.355621e6,0.54959667,false,realAWSCloudwatch/iio_us-east-1_i-a2eb1cd9_NetworkIn.csv
2013-10-13T15:10:00.0,6.5486254e6,0.55194944,false,realAWSCloudwatch/iio_us-east-1_i-a2eb1cd9_NetworkIn.csv
2013-10-13T15:15:00.0,5.1105308e6,0.54759264,false,realAWSCloudwatch/iio_us-east-1_i-a2eb1cd9_NetworkIn.csv
2013-10-13T15:20:00.0,5.3450688e6,0.549221,false,realAWSCloudwatch/iio_us-east-1_i-a2eb1cd9_NetworkIn.csv
2013-10-13T15:25:00.0,4.7384088e6,0.5460304,false,realAWSCloudwatch/iio_us-east-1_i-a2eb1cd9_NetworkIn.csv
2013-10-13T15:30:00.0,5.1070214e6,0.54726994,false,realAWSCloudwatch/iio_us-east-1_i-a2eb1cd9_NetworkIn.csv
2013-10-13T15:35:00.0,5.2354584e6,0.54721093,false,realAWSCloudwatch/iio_us-east-1_i-a2eb1cd9_NetworkIn.csv
2013-10-13T15:40:00.0,5.2336196e6,0.5471879,false,realAWSCloudwatch/iio_us-east-1_i-a2eb1cd9_NetworkIn.csv
2013-10-13T15:45:00.0,5.029582e6,0.5462448,false,realAWSCloudwatch/iio_us-east-1_i-a2eb1cd9_NetworkIn.csv
2013-10-13T15:50:00.0,4.5142368e6,0.54355276,false,realAWSCloudwatch/iio_us-east-1_i-a2eb1cd9_NetworkIn.csv
2013-10-13T15:55:00.0,4.9107088e6,0.5447424,false,realAWSCloudwatch/iio_us-east-1_i-a2eb1cd9_NetworkIn.csv
2013-10-13T16:00:00.0,4.7120744e6,0.5432049,false,realAWSCloudwatch/iio_us-east-1_i-a2eb1cd9_NetworkIn.csv
2013-10-13T16:05:00.0,5.4208574e6,0.5463349,false,realAWSCloudwatch/iio_us-east-1_i-a2eb1cd9_NetworkIn.csv
2013-10-13T16:10:00.0,5.4769162e6,0.5468395,false,realAWSCloudwatch/iio_us-east-1_i-a2eb1cd9_NetworkIn.csv
2013-10-13T16:15:00.0,5.12532e6,0.5459772,false,realAWSCloudwatch/iio_us-east-1_i-a2eb1cd9_NetworkIn.csv
2013-10-13T16:20:00.0,5.0016794e6,0.545627,false,realAWSCloudwatch/iio_us-east-1_i-a2eb1cd9_NetworkIn.csv
2013-10-13T16:25:00.0,4.9807716e6,0.5453955,false,realAWSCloudwatch/iio_us-east-1_i-a2eb1cd9_NetworkIn.csv
2013-10-13T16:30:00.0,5.5431292e6,0.54789585,false,realAWSCloudwatch/iio_us-east-1_i-a2eb1cd9_NetworkIn.csv
2013-10-13T16:35:00.0,5.1787984e6,0.54651076,false,realAWSCloudwatch/iio_us-east-1_i-a2eb1cd9_NetworkIn.csv
2013-10-13T16:40:00.0,5.3749068e6,0.5477655,false,realAWSCloudwatch/iio_us-east-1_i-a2eb1cd9_NetworkIn.csv
2013-10-13T16:45:00.0,4.9657612e6,0.5459562,false,realAWSCloudwatch/iio_us-east-1_i-a2eb1cd9_NetworkIn.csv
2013-10-13T16:50:00.0,4.6256076e6,0.54419833,false,realAWSCloudwatch/iio_us-east-1_i-a2eb1cd9_NetworkIn.csv
2013-10-13T16:55:00.0,5.1555952e6,0.5460633,false,realAWSCloudwatch/iio_us-east-1_i-a2eb1cd9_NetworkIn.csv
2013-10-13T17:00:00.0,4.7589684e6,0.5438915,false,realAWSCloudwatch/iio_us-east-1_i-a2eb1cd9_NetworkIn.csv
2013-10-13T17:05:00.0,4.8466336e6,0.54408693,false,realAWSCloudwatch/iio_us-east-1_i-a2eb1cd9_NetworkIn.csv
2013-10-13T17:10:00.0,4.9668542e6,0.5442494,false,realAWSCloudwatch/iio_us-east-1_i-a2eb1cd9_NetworkIn.csv
2013-10-13T17:15:00.0,4.799362e6,0.5433596,false,realAWSCloudwatch/iio_us-east-1_i-a2eb1cd9_NetworkIn.csv
2013-10-13T17:20:00.0,5.2178182e6,0.5452196,false,realAWSCloudwatch/iio_us-east-1_i-a2eb1cd9_NetworkIn.csv
2013-10-13T17:25:00.0,4.8465046e6,0.543584,false,realAWSCloudwatch/iio_us-east-1_i-a2eb1cd9_NetworkIn.csv
2013-10-13T17:30:00.0,4.85758e6,0.5436788,false,realAWSCloudwatch/iio_us-east-1_i-a2eb1cd9_NetworkIn.csv
2013-10-13T17:35:00.0,5.3059442e6,0.5456158,false,realAWSCloudwatch/iio_us-east-1_i-a2eb1cd9_NetworkIn.csv
2013-10-13T17:40:00.0,5.2161268e6,0.5455148,false,realAWSCloudwatch/iio_us-east-1_i-a2eb1cd9_NetworkIn.csv
2013-10-13T17:45:00.0,5.1267916e6,0.5455308,false,realAWSCloudwatch/iio_us-east-1_i-a2eb1cd9_NetworkIn.csv
2013-10-13T17:50:00.0,4.7165408e6,0.5436872,false,realAWSCloudwatch/iio_us-east-1_i-a2eb1cd9_NetworkIn.csv
2013-10-13T17:55:00.0,5.1942752e6,0.54572135,false,realAWSCloudwatch/iio_us-east-1_i-a2eb1cd9_NetworkIn.csv
2013-10-13T18:00:00.0,4.5947844e6,0.54274297,false,realAWSCloudwatch/iio_us-east-1_i-a2eb1cd9_NetworkIn.csv
2013-10-13T18:05:00.0,5.3131926e6,0.5459538,false,realAWSCloudwatch/iio_us-east-1_i-a2eb1cd9_NetworkIn.csv
2013-10-13T18:10:00.0,5.3494534e6,0.54613173,false,realAWSCloudwatch/iio_us-east-1_i-a2eb1cd9_NetworkIn.csv
2013-10-13T18:15:00.0,5.664016e6,0.54823905,false,realAWSCloudwatch/iio_us-east-1_i-a2eb1cd9_NetworkIn.csv
2013-10-13T18:20:00.0,5.1656524e6,0.5466049,false,realAWSCloudwatch/iio_us-east-1_i-a2eb1cd9_NetworkIn.csv
2013-10-13T18:25:00.0,5.8060092e6,0.54997253,false,realAWSCloudwatch/iio_us-east-1_i-a2eb1cd9_NetworkIn.csv
2013-10-13T18:30:00.0,5.7258202e6,0.5500148,false,realAWSCloudwatch/iio_us-east-1_i-a2eb1cd9_NetworkIn.csv
2013-10-13T18:35:00.0,5.818352e6,0.5511746,false,realAWSCloudwatch/iio_us-east-1_i-a2eb1cd9_NetworkIn.csv
2013-10-13T18:40:00.0,6.039204e6,0.552628,false,realAWSCloudwatch/iio_us-east-1_i-a2eb1cd9_NetworkIn.csv
2013-10-13T18:45:00.0,6.1461048e6,0.55369496,false,realAWSCloudwatch/iio_us-east-1_i-a2eb1cd9_NetworkIn.csv
2013-10-13T18:50:00.0,6.520842e6,0.555915,false,realAWSCloudwatch/iio_us-east-1_i-a2eb1cd9_NetworkIn.csv
2013-10-13T18:55:00.0,6.41416e6,0.5561198,false,realAWSCloudwatch/iio_us-east-1_i-a2eb1cd9_NetworkIn.csv
2013-10-13T19:00:00.0,7.121288e6,0.5596912,false,realAWSCloudwatch/iio_us-east-1_i-a2eb1cd9_NetworkIn.csv
2013-10-13T19:05:00.0,7.7339932e6,0.56250095,false,realAWSCloudwatch/iio_us-east-1_i-a2eb1cd9_NetworkIn.csv
2013-10-13T19:10:00.0,7.171976e6,0.5612919,false,realAWSCloudwatch/iio_us-east-1_i-a2eb1cd9_NetworkIn.csv
2013-10-13T19:15:00.0,6.572442e6,0.55983245,false,realAWSCloudwatch/iio_us-east-1_i-a2eb1cd9_NetworkIn.csv
2013-10-13T19:20:00.0,6.6690272e6,0.5603849,false,realAWSCloudwatch/iio_us-east-1_i-a2eb1cd9_NetworkIn.csv
2013-10-13T19:25:00.0,6.5410026e6,0.55964,false,realAWSCloudwatch/iio_us-east-1_i-a2eb1cd9_NetworkIn.csv
2013-10-13T19:30:00.0,8.0369832e6,0.56523,false,realAWSCloudwatch/iio_us-east-1_i-a2eb1cd9_NetworkIn.csv
2013-10-13T19:35:00.0,6.78048e6,0.56038696,false,realAWSCloudwatch/iio_us-east-1_i-a2eb1cd9_NetworkIn.csv
2013-10-13T19:40:00.0,7.1053092e6,0.5624925,false,realAWSCloudwatch/iio_us-east-1_i-a2eb1cd9_NetworkIn.csv
2013-10-13T19:45:00.0,6.6456706e6,0.56036985,false,realAWSCloudwatch/iio_us-east-1_i-a2eb1cd9_NetworkIn.csv
2013-10-13T19:50:00.0,7.1290692e6,0.5624086,false,realAWSCloudwatch/iio_us-east-1_i-a2eb1cd9_NetworkIn.csv
2013-10-13T19:55:00.0,6.8860466e6,0.561134,false,realAWSCloudwatch/iio_us-east-1_i-a2eb1cd9_NetworkIn.csv
2013-10-13T20:00:00.0,7.0702698e6,0.5619843,false,realAWSCloudwatch/iio_us-east-1_i-a2eb1cd9_NetworkIn.csv
2013-10-13T20:05:00.0,7.1122118e6,0.5620543,false,realAWSCloudwatch/iio_us-east-1_i-a2eb1cd9_NetworkIn.csv
2013-10-13T20:10:00.0,6.7363568e6,0.5607039,false,realAWSCloudwatch/iio_us-east-1_i-a2eb1cd9_NetworkIn.csv
2013-10-13T20:15:00.0,6.8856952e6,0.56133235,false,realAWSCloudwatch/iio_us-east-1_i-a2eb1cd9_NetworkIn.csv
2013-10-13T20:20:00.0,6.8295662e6,0.56091124,false,realAWSCloudwatch/iio_us-east-1_i-a2eb1cd9_NetworkIn.csv
2013-10-13T20:25:00.0,6.6701426e6,0.56025565,false,realAWSCloudwatch/iio_us-east-1_i-a2eb1cd9_NetworkIn.csv
2013-10-13T20:30:00.0,6.9893478e6,0.5614184,false,realAWSCloudwatch/iio_us-east-1_i-a2eb1cd9_NetworkIn.csv
2013-10-13T20:35:00.0,7.0894602e6,0.56169254,false,realAWSCloudwatch/iio_us-east-1_i-a2eb1cd9_NetworkIn.csv
2013-10-13T20:40:00.0,7.1262324e6,0.5619931,false,realAWSCloudwatch/iio_us-east-1_i-a2eb1cd9_NetworkIn.csv
2013-10-13T20:45:00.0,7.1803482e6,0.5623474,false,realAWSCloudwatch/iio_us-east-1_i-a2eb1cd9_NetworkIn.csv
2013-10-13T20:50:00.0,7.2515974e6,0.56276685,false,realAWSCloudwatch/iio_us-east-1_i-a2eb1cd9_NetworkIn.csv
2013-10-13T20:55:00.0,7.138828e6,0.5624698,false,realAWSCloudwatch/iio_us-east-1_i-a2eb1cd9_NetworkIn.csv
2013-10-13T21:00:00.0,7.3587576e6,0.5634239,false,realAWSCloudwatch/iio_us-east-1_i-a2eb1cd9_NetworkIn.csv
2013-10-13T21:05:00.0,6.6910748e6,0.5608512,false,realAWSCloudwatch/iio_us-east-1_i-a2eb1cd9_NetworkIn.csv
2013-10-13T21:10:00.0,7.4194642e6,0.563799,false,realAWSCloudwatch/iio_us-east-1_i-a2eb1cd9_NetworkIn.csv
2013-10-13T21:15:00.0,7.3456924e6,0.56314075,false,realAWSCloudwatch/iio_us-east-1_i-a2eb1cd9_NetworkIn.csv
2013-10-13T21:20:00.0,7.1063812e6,0.5625194,false,realAWSCloudwatch/iio_us-east-1_i-a2eb1cd9_NetworkIn.csv
2013-10-13T21:25:00.0,7.4393408e6,0.5638324,false,realAWSCloudwatch/iio_us-east-1_i-a2eb1cd9_NetworkIn.csv
2013-10-13T21:30:00.0,7.148265e6,0.5626794,false,realAWSCloudwatch/iio_us-east-1_i-a2eb1cd9_NetworkIn.csv
2013-10-13T21:35:00.0,7.0793494e6,0.56258655,false,realAWSCloudwatch/iio_us-east-1_i-a2eb1cd9_NetworkIn.csv
2013-10-13T21:40:00.0,7.3132392e6,0.5633522,false,realAWSCloudwatch/iio_us-east-1_i-a2eb1cd9_NetworkIn.csv
2013-10-13T21:45:00.0,7.3700542e6,0.5634813,false,realAWSCloudwatch/iio_us-east-1_i-a2eb1cd9_NetworkIn.csv
2013-10-13T21:50:00.0,7.146604e6,0.56271803,false,realAWSCloudwatch/iio_us-east-1_i-a2eb1cd9_NetworkIn.csv
2013-10-13T21:55:00.0,7.3802948e6,0.56367606,false,realAWSCloudwatch/iio_us-east-1_i-a2eb1cd9_NetworkIn.csv
2013-10-13T22:00:00.0,7.4448862e6,0.56383586,false,realAWSCloudwatch/iio_us-east-1_i-a2eb1cd9_NetworkIn.csv
2013-10-13T22:05:00.0,6.960113e6,0.56211317,false,realAWSCloudwatch/iio_us-east-1_i-a2eb1cd9_NetworkIn.csv
2013-10-13T22:10:00.0,7.7769724e6,0.5652708,false,realAWSCloudwatch/iio_us-east-1_i-a2eb1cd9_NetworkIn.csv
2013-10-13T22:15:00.0,7.458856e6,0.56382084,false,realAWSCloudwatch/iio_us-east-1_i-a2eb1cd9_NetworkIn.csv
2013-10-13T22:20:00.0,7.19322e6,0.5632198,false,realAWSCloudwatch/iio_us-east-1_i-a2eb1cd9_NetworkIn.csv
2013-10-13T22:25:00.0,7.2217324e6,0.56330174,false,realAWSCloudwatch/iio_us-east-1_i-a2eb1cd9_NetworkIn.csv
2013-10-13T22:30:00.0,7.68336e6,0.56490844,false,realAWSCloudwatch/iio_us-east-1_i-a2eb1cd9_NetworkIn.csv
2013-10-13T22:35:00.0,7.3468996e6,0.5635761,false,realAWSCloudwatch/iio_us-east-1_i-a2eb1cd9_NetworkIn.csv
2013-10-13T22:40:00.0,7.7283332e6,0.5652003,false,realAWSCloudwatch/iio_us-east-1_i-a2eb1cd9_NetworkIn.csv
2013-10-13T22:45:00.0,6.8955948e6,0.56201047,false,realAWSCloudwatch/iio_us-east-1_i-a2eb1cd9_NetworkIn.csv
2013-10-13T22:50:00.0,6.637198e6,0.5611833,false,realAWSCloudwatch/iio_us-east-1_i-a2eb1cd9_NetworkIn.csv
2013-10-13T22:55:00.0,7.0112254e6,0.5621927,false,realAWSCloudwatch/iio_us-east-1_i-a2eb1cd9_NetworkIn.csv
2013-10-13T23:00:00.0,6.5605156e6,0.5600254,false,realAWSCloudwatch/iio_us-east-1_i-a2eb1cd9_NetworkIn.csv
2013-10-13T23:05:00.0,6.6388226e6,0.5602074,false,realAWSCloudwatch/iio_us-east-1_i-a2eb1cd9_NetworkIn.csv
2013-10-13T23:10:00.0,7.921025e6,0.56476045,false,realAWSCloudwatch/iio_us-east-1_i-a2eb1cd9_NetworkIn.csv
2013-10-13T23:15:00.0,8.1246894e6,0.56530255,false,realAWSCloudwatch/iio_us-east-1_i-a2eb1cd9_NetworkIn.csv
2013-10-13T23:20:00.0,7.3465518e6,0.5632881,false,realAWSCloudwatch/iio_us-east-1_i-a2eb1cd9_NetworkIn.csv
2013-10-13T23:25:00.0,8.1115616e6,0.5667019,false,realAWSCloudwatch/iio_us-east-1_i-a2eb1cd9_NetworkIn.csv
2013-10-13T23:30:00.0,7.5756584e6,0.5646753,false,realAWSCloudwatch/iio_us-east-1_i-a2eb1cd9_NetworkIn.csv
2013-10-13T23:35:00.0,7.1986252e6,0.56374365,false,realAWSCloudwatch/iio_us-east-1_i-a2eb1cd9_NetworkIn.csv
2013-10-13T23:40:00.0,7.9642604e6,0.5664057,false,realAWSCloudwatch/iio_us-east-1_i-a2eb1cd9_NetworkIn.csv
2013-10-13T23:45:00.0,7.547664e6,0.5645838,false,realAWSCloudwatch/iio_us-east-1_i-a2eb1cd9_NetworkIn.csv
2013-10-13T23:50:00.0,7.9886762e6,0.5664505,false,realAWSCloudwatch/iio_us-east-1_i-a2eb1cd9_NetworkIn.csv
2013-10-13T23:55:00.0,7.7881226e6,0.56554943,false,realAWSCloudwatch/iio_us-east-1_i-a2eb1cd9_NetworkIn.csv
